enemy_name,max_health,max_defense_points,speed,dash_speed,dash_duration,instant_detection,detection_radius,detection_range,enhanced_detection_radius,vision_angle,vision_range,vision_collision_mask,sprite_texture_path,sprite_scale_x,sprite_scale_y,color_red,color_green,color_blue,color_alpha,attack_cooldown,attack_range,damage_multiplier,stun_duration,neutral_probability,rock_probability,paper_probability,scissors_probability,stance_to_dash_delay,stance_decision_timer,positioning_timer_min,positioning_timer_max,retreat_timer,aggression_level,can_react,reaction_chance,reaction_time,reflex,weight,body_collision_width,body_collision_height,attack_radius,attack_scale_x,attack_scale_y
Basic Balanced Enemy,5,1,100.0,300.0,0.6,true,400.0,150.0,300.0,90.0,300.0,2,res://assets/test_sprites/idle_enemy.png,0.20999999344349,0.20999999344349,1.0,1.0,1.0,1.0,1.2,100.0,1.0,3.0,25.0,25.0,25.0,25.0,1.0,0.3,1.0,2.0,1.0,1.0,false,0.5,1.0,0.0,1.0,26.0,21.0,25.0,1.0,1.0
Berserker Rock,10,1,90.0,350.0,0.9,true,300.0,150.0,300.0,45.0,120.0,2,res://assets/test_sprites/rock_enemy.png,0.23999999463558,0.23999999463558,1.0,0.20000000298023,0.20000000298023,1.0,1.0,110.0,2.5,3.0,0.0,85.0,10.0,5.0,0.8,0.2,1.0,2.0,0.3,1.5,true,0.7,0.6,0.0,1.0,30.0,24.0,35.0,1.29999995231628,1.29999995231628
Elite Rock Destroyer,12,3,70.0,200.0,1.2,true,350.0,150.0,300.0,80.0,180.0,2,res://assets/test_sprites/rock_enemy.png,0.30000001192093,0.30000001192093,0.60000002384186,0.10000000149012,0.10000000149012,1.0,2.5,140.0,2.0,3.0,5.0,70.0,15.0,10.0,1.8,0.6,1.0,2.0,0.4,0.5,true,0.8,0.8,0.0,1.0,40.0,32.0,40.0,1.5,1.5
Lightning Scissor,2,1,200.0,600.0,0.2,true,800.0,150.0,300.0,60.0,150.0,2,res://assets/test_sprites/scissor_enemy.png,0.14000000059605,0.14000000059605,1.5,1.0,0.0,1.0,0.4,50.0,0.5,3.0,2.0,5.0,8.0,85.0,0.3,0.05,1.0,2.0,0.2,2.5,true,0.9,0.3,0.0,1.0,16.0,12.0,15.0,0.60000002384186,0.60000002384186
Paper Defensive Enemy,6,3,110.0,320.0,0.5,false,500.0,150.0,300.0,120.0,250.0,2,res://assets/test_sprites/paper_enemy.png,0.18999999761581,0.18999999761581,0.40000000596046,0.69999998807907,1.0,1.0,1.0,100.0,1.0,3.0,20.0,15.0,50.0,15.0,0.8,0.2,1.0,2.0,1.2,1.2,false,0.5,1.0,0.0,1.0,24.0,19.0,22.0,0.89999997615814,0.89999997615814
Rock Tank Enemy,8,2,80.0,250.0,0.8,true,450.0,150.0,300.0,90.0,200.0,2,res://assets/test_sprites/rock_enemy.png,0.25,0.25,0.80000001192093,0.30000001192093,0.30000001192093,1.0,1.5,120.0,1.0,3.0,15.0,50.0,20.0,15.0,1.2,0.4,1.0,2.0,0.8,0.7,false,0.5,1.0,0.0,1.0,32.0,26.0,30.0,1.20000004768372,1.20000004768372
Scissor Scout Enemy,3,1,140.0,400.0,0.4,true,600.0,150.0,300.0,90.0,200.0,2,res://assets/test_sprites/scissor_enemy.png,0.17000000178814,0.17000000178814,1.0,0.60000002384186,0.20000000298023,1.0,0.8,80.0,1.0,3.0,10.0,15.0,20.0,55.0,0.6,0.15,1.0,2.0,0.5,1.8,false,0.5,1.0,0.0,1.0,20.0,16.0,20.0,0.80000001192093,0.80000001192093
Stealth Paper Assassin,4,1,120.0,450.0,0.3,true,350.0,150.0,300.0,180.0,300.0,2,res://assets/test_sprites/paper_enemy.png,0.18000000715256,0.18000000715256,0.20000000298023,0.20000000298023,0.80000001192093,0.80000001192093,0.7,70.0,1.5,3.0,5.0,10.0,70.0,15.0,0.5,0.1,1.0,2.0,0.3,2.0,true,0.95,0.4,0.0,1.0,22.0,18.0,18.0,0.80000001192093,0.80000001192093
