enemy_name,max_health,max_defense_points,speed,dash_speed,dash_duration,instant_detection,detection_radius,detection_range,enhanced_detection_radius,vision_angle,vision_range,vision_collision_mask,sprite_texture_path,sprite_scale_x,sprite_scale_y,color_red,color_green,color_blue,color_alpha,attack_cooldown,attack_range,damage_multiplier,stun_duration,neutral_probability,rock_probability,paper_probability,scissors_probability,stance_to_dash_delay,stance_decision_timer,positioning_timer_min,positioning_timer_max,retreat_timer,aggression_level,can_react,reaction_chance,reaction_time,reflex,weight,body_collision_width,body_collision_height,attack_radius,attack_scale_x,attack_scale_y
Basic Balanced Enemy,5,1,100,300,0.6,true,400,150,300,90,300,2,res://assets/test_sprites/idle_enemy.png,0.21,0.21,1,1,1,1,1.2,100,1,3,25,25,25,25,1,0.3,1,2,1,1,false,0.5,1,0,1,26,21,25,1,1
Rock Tank Enemy,8,2,80,250,0.8,true,450,150,300,90,200,2,res://assets/test_sprites/rock_enemy.png,0.25,0.25,0.8,0.3,0.3,1,1.5,120,1,3,15,50,20,15,1.2,0.4,1,2,0.8,0.7,false,0.5,1,0,1,32,26,30,1.2,1.2
Paper Defensive Enemy,6,3,110,320,0.5,false,500,150,300,120,250,2,res://assets/test_sprites/paper_enemy.png,0.19,0.19,0.4,0.7,1,1,1,100,1,3,20,15,50,15,0.8,0.2,1,2,1.2,1.2,false,0.5,1,0,1,24,19,22,0.9,0.9
Scissor Scout Enemy,3,1,140,400,0.4,true,600,150,300,90,200,2,res://assets/test_sprites/scissor_enemy.png,0.17,0.17,1,0.6,0.2,1,0.8,80,1,3,10,15,20,55,0.6,0.15,1,2,0.5,1.8,false,0.5,1,0,1,20,16,20,0.8,0.8
Elite Rock Destroyer,12,3,70,200,1.2,true,350,150,300,80,180,2,res://assets/test_sprites/rock_enemy.png,0.3,0.3,0.6,0.1,0.1,1,2.5,140,2,3,5,70,15,10,1.8,0.6,1,2,0.4,0.5,true,0.8,0.8,0,1,40,32,40,1.5,1.5
Lightning Scissor,2,1,200,600,0.2,true,800,150,300,60,150,2,res://assets/test_sprites/scissor_enemy.png,0.14,0.14,1.5,1,0,1,0.4,50,0.5,3,2,5,8,85,0.3,0.05,1,2,0.2,2.5,true,0.9,0.3,0,1,16,12,15,0.6,0.6
Stealth Paper Assassin,4,1,120,450,0.3,true,350,150,300,180,300,2,res://assets/test_sprites/paper_enemy.png,0.18,0.18,0.2,0.2,0.8,0.8,0.7,70,1.5,3,5,10,70,15,0.5,0.1,1,2,0.3,2,true,0.95,0.4,0,1,22,18,18,0.8,0.8
Berserker Rock,10,1,90,350,0.9,true,300,150,300,45,120,2,res://assets/test_sprites/rock_enemy.png,0.24,0.24,1,0.2,0.2,1,1,110,2.5,3,0,85,10,5,0.8,0.2,1,2,0.3,1.5,true,0.7,0.6,0,1,30,24,35,1.3,1.3